{"cameraMode":{"drawMode":2,"name":"Shaded Wireframe","section":"Shading Mode"},"sceneLighting":false,"audioPlay":false,"sceneViewState":{"showFog":true,"showMaterialUpdate":false,"showSkybox":false,"showFlares":true,"showImageEffects":true,"showParticleSystems":true},"in2DMode":false,"pivot":{"x":-0.2025122493505478,"y":0.1272791028022766,"z":-0.09474628418684006},"rotation":{"x":0.1353965401649475,"y":0.7829771041870117,"z":-0.18285879492759705,"w":0.5791859030723572},"size":1.1660254001617432,"orthographic":false}