{"cameraMode":{"drawMode":2,"name":"Shaded Wireframe","section":"Shading Mode"},"sceneLighting":false,"audioPlay":false,"sceneViewState":{"showFog":true,"showMaterialUpdate":false,"showSkybox":false,"showFlares":true,"showImageEffects":true,"showParticleSystems":true},"in2DMode":false,"pivot":{"x":-1.497920274734497,"y":0.4448564052581787,"z":-1.0027052164077759},"rotation":{"x":0.003416220424696803,"y":-0.966949462890625,"z":0.2551656663417816,"w":0.012725411914288998},"size":0.8660253882408142,"orthographic":false}