{"cameraMode":{"drawMode":2,"name":"Shaded Wireframe","section":"Shading Mode"},"sceneLighting":false,"audioPlay":false,"sceneViewState":{"showFog":true,"showMaterialUpdate":false,"showSkybox":false,"showFlares":true,"showImageEffects":true,"showParticleSystems":true},"in2DMode":false,"pivot":{"x":5.400000095367432,"y":0.6000000238418579,"z":5.400000095367432},"rotation":{"x":-0.17870046198368073,"y":0.024200430139899255,"z":-0.004358499310910702,"w":-0.9836608171463013},"size":1.0392303466796876,"orthographic":false}