{"cameraMode":{"drawMode":2,"name":"Shaded Wireframe","section":"Shading Mode"},"sceneLighting":true,"audioPlay":false,"sceneViewState":{"showFog":true,"showMaterialUpdate":false,"showSkybox":true,"showFlares":true,"showImageEffects":true,"showParticleSystems":true},"in2DMode":false,"pivot":{"x":7.749456882476807,"y":12.073227882385254,"z":-8.49583911895752},"rotation":{"x":-0.22103218734264375,"y":0.38483819365501406,"z":-0.09390139579772949,"w":-0.8916975855827332},"size":7.489527702331543,"orthographic":false}