{"cameraMode":{"drawMode":0,"name":"Shaded","section":"Shading Mode"},"sceneLighting":true,"audioPlay":false,"sceneViewState":{"showFog":true,"showMaterialUpdate":false,"showSkybox":true,"showFlares":true,"showImageEffects":true,"showParticleSystems":true},"in2DMode":false,"pivot":{"x":5.697330474853516,"y":3.6271772384643556,"z":2.576624631881714},"rotation":{"x":-0.27422329783439639,"y":0.01756662130355835,"z":-0.005067949183285236,"w":-0.9615694284439087},"size":6.479447841644287,"orthographic":false}