{"cameraMode":{"drawMode":2,"name":"Shaded Wireframe","section":"Shading Mode"},"sceneLighting":true,"audioPlay":false,"sceneViewState":{"showFog":true,"showMaterialUpdate":false,"showSkybox":true,"showFlares":true,"showImageEffects":true,"showParticleSystems":true},"in2DMode":false,"pivot":{"x":-1.5717628002166749,"y":1.0131853818893433,"z":-14.798990249633789},"rotation":{"x":0.05274781584739685,"y":0.942790150642395,"z":-0.2756044566631317,"w":0.18033456802368165},"size":55.33832550048828,"orthographic":false}